{
    "gyro_bias_x": 0.6259923664122132,
    "gyro_bias_y": -0.014650381679389313,
    "gyro_bias_z": 1.1043664122137407,
    "hard_iron_offset_x": -19.5,
    "hard_iron_offset_y": 8.5,
    "hard_iron_offset_z": 72.0,
    "soft_iron_matrix": [
        [
            0.014832802116249938,
            0.00036751119668611704,
            0.0003301194606920314
        ],
        [
            0.00036751119668611704,
            0.01318412656943009,
            -0.0002411517626200989
        ],
        [
            0.00033011946069203137,
            -0.000241151762620099,
            0.0077357719804910016
        ]
    ]
}