{
    "hard_iron_offset": [
        -19.5,
        8.5,
        72.0
    ],
    "soft_iron_matrix": [
        [
            0.0076689648276043075,
            0.00042523981393985144,
            0.0009291925387239884
        ],
        [
            0.00042523981393985144,
            0.015497718037701379,
            0.00019833260628344666
        ],
        [
            0.0009291925387239884,
            0.00019833260628344658,
            0.012750789326743414
        ]
    ]
}